Codigo|ObjetivoGeneral|ObjetivosEspecificos|Metodologia|FechaInicio|Duracion|IE|CBeneficiada|ONG|AFinanciadora|IGubernamental|OReligiosa|OtrosIniciativa|NinosU|NinosR|NinosI|MujeresU|MujeresR|MujeresI|OtrosSU|OtrosSR|OtrosSI|Concepcion|Planificacion|Implementacion|Difusion|Capacitacion|Seguimiento|OtrosParticipacion
BO0146IIIP09T01|La razón por la que el CCM promueve ciertas tecnologías apropiadas es porque estas se han mostrado capaces de mejorar la calidad de vida para familias de bajos recursos. Ciertos artículos de T.A. son diseñados especialmente para reducir la fatiga de la labor cotidiana que afecta a la mujer, el mejoramiento de la salud por la obteción de agua potable y un mejor saneamiento ambiental (letrina seca). € €|- Promover el uso de tecnología apropiada (TA) en las regiones de trabajo del Comité Central Menonita, y otros lugares donde sea solicitado. € €- Ofrecer cursos de letrina seca cuando sean solicitados. € €- Asistir a ferias y demostrar la T.A. cuando sean solicitadas. € €- Experimentar con materiales de construcción de bajos costos. €|La metodología para dar a conocer estas tecnologías se hará a través de demostraciones, prácticas, charlas informativas, cursos a personas o instituciones que estén interesadas. Las personas responsables son técnicos e ingenieros agrónomos. € €Además se realizará la elaboración, fabricación de las T.A. para comunidades que estén directamente vinculadas con el CCM y aquellas personas civiles que deseen el servicio.|1979-01-01 19:31:03||True|True|True|False|False|False||False|True|True|False|True|True|True|True|True|False|False|True|True|True|True|
BO056IIP02T00|Contribuir a incrementar cobertura y calidad de los servicios de agua y saneamiento en los sectores más necesitados de la población boliviana, promoviendo la aplicación de tecnologías de bajo costo, fácil implementación y apropiación de la misma por parte de la comunidad.|Puesta en marcha el proyecto tecnológico en Saneamiento Ambiental "PROTESA" para promover la aplicación de tecnologías en saneamiento básico y ambiental.|El Programa de la Representación de la Organización Panamericana y Mundial de la Salud OPS/OMS para Bolivia, está íntimamente relacionado con las prioridades nacionales, ejecutado dentro de un sistema integrado y descentralizado en todo el territorio nacional y dirigido a todo el conjunto de la población boliviana.  € €|2006-08-04 22:50:08||True|True|False|True|True|False||False|True|True|False|True|True|True|True|True|False|False|True|True|True|True|
BO107IP00T00|Aportar en el desarrollo de la construcción de viviendas dignas en Bolivia. €La incorporación del concepto de energización rural por medio de la "Vivienda Autoenergética", en el diseño de los programas de desarrollo rural podría contribuir a la obtención de mejores resultados, por cuanto posibilitaría análisis integrados de los aspectos sociales, culturales, económicos, ambientales y energéticos.||El trabajo con los grupos meta, se coordina con los Municipios y sindicatos, buscando una participación activa de estos niveles institucionales, y buscando que en el desarrollo de los diferentes proyectos se guarde coherencia con las políticas de desarrollo nacionales, regionales y municipales.|2005-12-14 13:51:13||True|False|False|False|True|False||False|True|True|False|True|True|False|True|True|False|False|True|False|False|True|
BO108IP00T00|Construcción de Viviendas en zonas con pobreza crítica |||2006-04-05 15:06:58||False|False|False|True|True|False||True|True|True|True|True|True|True|True|True|False|False|True|True|True|False|
BO109IP00T00|* Incidir en el mejoramiento de la calidad de vida de familias pobres que no tienen acceso a créditos de viviendas, que les permita obtener una vivienda digna.|·* Lograr la participación organizada de los beneficiarios del proyecto|Integrar  a la organización del proyecto, capacitándolos en temas de organización y autoconstrucción, además ser parte en el proceso de selección de los beneficiarios, también se firmará un acta de compromiso, definiendo su forma de €participación en el proyecto.|2007-03-13 15:35:58||True|True|False|False|True|False||False|True|True|False|True|True|True|True|True|False|False|True|False|True|True|
BO110IIIP00T01|El proyecto propone la utilización de bambú para la elaboración de diferentes productos, como artesanías o mueblería, en base a capacitaciones para la fabricación de diferentes tipos de productos con demanda comercial mediante la utilización de la tecnología €adecuada.|Realizar campañas para instalar los productos ofrecidos en diferentes mercados.|Se realizarán capacitaciones sobre el manejo y plantación de Bambú y en aspectos de organización y €comercialización|2008-02-18 17:44:22||True|True|True|False|False|False||False|True|True|False|True|True|True|True|True|True|True|True|True|True|True|
BO111IP01T00|Exportar sus productos basados en jatata; cabañas, casas, quintas y también sus muebles rústicos, además ayudar de una manera indirecta a los pueblos indígenas. Formar un concepto distinto de lo estético mediante la combinación  de lo moderno con lo rústico.|- Introducir lo rústico en la construcción. € €- Formar un nuevo concepto de lo estético. € €- Dotar de recursos económicos a los indígenas mediante la generación de empleo. € €- Aprovechar lo nuestro.  € €- Dotar un aspecto cálido.  € €- Construir casas o cabañas de alta calidad. € €- Solucionar el problema de techo o vivienda.|Para construir la CABAÑA se siguen las normas de ingeniería y construcción de estructuras (techos, columnas, paredes, etc.). Encomienda a los indígenas la construcción de paños de jatata, que son una especie de redes, que lo elaboran manualmente, esto toma la empresa y lo usa en el techado de las cabañas o casas y ambas partes salen beneficiados.|2009-08-27 14:50:36.907000000|25 DIAS|True|True|False|True|False|False||True|True|True|True|True|True|True|True|True|False|True|True|True|True|True|Provisión de materiales (Paños de Jatata
BO112IIP01T06|* Dotar a los asentamientos de agua potable a través de sistemas alternativos de abastecimiento|Desarrollar diversos sistemas para conducción de aguas potables.|* Participación activa de la población. (aporte de la mano de obra no calificada, organización y ejecución de las obras) €|2006-12-04 17:55:01||True|True|True|False|False|False||True|True|True|True|True|True|True|True|True|False|True|True|True|False|True|
BO112IIP03T06|La Escuela Móvil de Aguas y Saneamiento (EMAS), con el apoyo de obra Kolping Bolivia, y la Organización Panamericana y Mundial de la Salud OPS/OMS, han desarrollado con mucho éxito en Bolivia tecnologías de saneamiento básico de bajo costo, fácil implementación, con participación de la comunidad y uso de materiales locales. En este marco se abre la formación de técnicos a nivel internacional para ello se propone el Curso de Capacitación en Técnicas de Saneamiento Básico Rural.|Aprender los contenidos generales de las siguientes tecnologías: € €- Perforación de Pozos Familiares €- Construcción de Bombas Manuales €- Instalación Sanitaria General €- (Tanques ferrocemento, lavaderos, duchas solares, letrinas de fibra de vidrio) €- Mejoramiento de la vivienda(mejora de pisos, techos, estufas tipo lorena y otros) €- Introducción al Modelo "Microempresas Campesinas Ejecutores de las obras"|Para la aplicación de estas tecnologías se han formado mayormente microempreas en saneamiento básico por personas de la misma comunidad campesina y Unidades Ejecutoras Institucionales. € €Módulos de la Capacitación: € €Estos cursos ofrecen la Capacitación en tres niveles y con diferentes énfasis: € €Modulo A: Capacitación a personas que conformarán su propia Microempresa en Saneamiento Básico. Dirigido a todo artesano, campesino u otra Institución ejecutora, con una duración de 4 meses en Abril - Noviembre de 1996. € €Modulo B: Capacitación a Promotores en Saneamiento Básico. Dirigido a instituciones que realizan acciones de Saneamiento Básico, con duración de 1 mes el 1 Marzo, 1 Junio, 1 Agosto, 1 de Octubre de 1996. € €Modulo C: Orientación Práctica a Profesionales en Saneamiento Básico, con una duración de 10 días iniciando según acuerdo.|1996-03-03 00:00:00|5 meses y 10 días|True|True|False|True|True|False||False|False|True|False|False|True|False|True|True|False|False|True|True|True|True|
BO112IIP04T00|Mostrar la efectividad con que se puede realizar "ayuda para ayudarse mutuamente" en la practica y crear valores duraderos al mismo tiempo.||* Formación de perforistas autónomos  €* EMAS examina y prueba en el sitio que tecnologías pueden ser empleadas|2001-03-05 21:39:55||True|True|False|True|False|False||True|True|True|False|True|True|True|True|True|False|False|True|True|True|True|
BO113I-IIP01T00|Implementación de acciones tecnológicas y organizativas bajo dos principios: Agroecología y Autogestión:Estrategias microregionales de desarrollo,  Agroecosistemas, Recursos Hídricos y Energías Renovables,Transferencia tecnológica, Mujer|Con la relación a recursos hídricos y energías renovables se llavan a cabo: € €· Procesos de investigación y experimentación previos a la difusión de la propuesta € €· Análisis de los aspectos económico, social y cultural para la introducción de estas tecnologías € €· Procesos de permanente reajuste técnico y adecuación tecnológico € €RECURSOS HÍDRICOS: €· Captación de fuentes de agua superficiales (ríos, acequias, vertientes) y subterráneas € €· Perforación de pozos profundos y semi-profundos € €· Elevación de agua por bombeo (aerobombas, bombas manuales) € €· Sistemas de riego controlado (riego por gravedad, potes porosos) € €· Almacenamiento de agua (estanques) € €· Análisis de composición físico-Química de aguas € €ENERGÍAS RENOVABLES: €· Energía eólica: evaluación del potencial de energía eólica, aplicaciones en el diseño e implementación de molinos y aerogeneradores € €· Energía solar: aplicación de energía solar pasiva en cultivos atemperados (invernaderos y camas orgánicas) € €· Energía biomásica como combustible de uso doméstico en fogones mejorados. € €Además de ello, se tiene una primera planificación energética a nivel microregional, a través del diagnóstico de recursos naturales y de las potencialidades institucionales de la provincia. € €|La difusión de la tecnología generada por SEMTA ha merecido un espacio preponderante en las prioridades institucionales. La experiencia acumulada ha permitido formular un sistema de transferencia tecnológica que implica la capacitación de población campesina y urbano popular y la formación profesional. El sistema se basa en un conjunto de infraestructuras, metodologías y medios didácticos que permiten el seguimiento y evaluación, especialmente en lo que concierne a la apropiación y adaptación tecnológica. Con este proceso se busca establecer la interacción y retroalimentación permanenete de conocimiento entre la población y los técnicos, etendiendose a la transferencia tecnológica como un proceso horizontal. €  €|2006-05-02 17:55:06||True|True|False|False|False|False||False|True|False|False|True|False|True|True|True|False|False|True|True|True|True|
BO146II-IIIP05T01|La razón por la que el CCM promueve ciertas tecnologías apropiadas es porque estas se han mostrado capaces de mejorar la calidad de vida para familias de bajos recursos. Ciertos articulos de T.A. son diseñados especialmente para reducir la fatiga de la labor cotidiana que afecta a la mujer. El mejoramiento de la salud por la obteción de agua potable, mejor saneamiento ambiental (perforación pozo no profundos).|- Promover el uso de tecnología apropiada (T.A.) en las regiones de trabajo del Comité Central Menonita, y otros lugares donde sea solicitado. € €- Ofrecer cursos de perforación de pozos cuando sean solicitados.  € €- Asistir a ferias y demostrar las T.A. cuando sean solicitadas. € €- Experimentar con materiales de construcción de bajos costos. € €|La metodología para dar a conocer estas tecnologías se hará a través de demostraciones, prácticas, charlas informativas, cursos a personas o instituciones que estén interesadas. Las personas responsables son técnicos e ingenieros agrónomos. € €Además se realizará la elaboración, fabricación de las T.A. para comunidades que estén directamente vinculadas con el CCM y aquellas personas civiles que deseen el servicio.|2003-07-26 16:27:23|Indefinido|False|False|True|False|False|False||True|True|True|True|True|True|True|True|True|False|False|False|False|True|True|
BO147IIP01T00|Reducir el uso indiscriminado de plaguicida.|- Mejorar la calidad de vida dando una capacitación integral.  €- Reducir las enfermedades por agroquímicas utilizadas.  €- Identificar la participación de la mujer en la actividad productiva.  € €- Visualizar el trabajo productivo de las comunidades.|Talleres de capacitación con la comunidad. Metodologías participativas. Un enfoque de géneros. Difusión de cartillas.|1998-07-01 15:06:44|24 meses|False|False|True|False|False|False||False|True|False|False|True|False|False|True|False|True|True|True|True|True|True|
BO147IIP03T01|Colaborar con la transformación de la basura producida por las llantas y gomas de carros y bicicletas|||2005-10-06 19:23:04||False|True|False|False|False|False||False|True|False|False|True|False|True|True|False|False|True|True|True|True|True|
BO147IIP06T01|Brindar una alternativa económica a grupos de mujeres, a través de la producción en base a materiales reciclables con un enfoque ambiental y de género.|Demostrar la factibilidad y rentabilidad de proyectos de reciclaje con tecnología apropiada. |Metodología participativa y vivencial, capacitación (taller, prácticas, visitas a otras experiencias), planificación participativa. €Autoevaluaciones. €Monitoreo.|1996-10-01 16:01:44|24 meses|True|True|True|False|False|False||True|True|False|True|True|False|True|True|False|True|True|True|True|False|True|Producción, Marketing
BO148I-IIP09T01|Mejorar la calidad de vida de las familias indígenas de Illatú, Cochabamba.   €Es decir mejorar la situación sanitaria de 400 familias indígenas, con disminución en un 20% de las enfermedades gastrointestinales ocasionadas por desechos humanos para permitir un mejor desarrollo físico y mental de las personas, y reducción en un 25% del índice de mortalidad infantil. € €|Sensibilizar y capacitar en métodos de higiene para el uso correcto de las letrinas.  €* Entregar e instalar las letrinas.  €* Seguir el proyecto y asistir de manera técnica para corroborar el uso adecuado de las letrinas.  €|* Sensibilizar y  capacitar a la población meta en los métodos de higiene para el uso correcto de las letrinas (folleto sobre el uso de las Letrinas Sanitarias).  €|2007-05-09 17:28:06||True|True|True|False|False|False||False|True|True|False|True|True|True|True|True|False|False|True|True|True|True|
BO148IIP01T00|El propósito del proyecto es apoyar el acceso a coberturas de agua y saneamiento rural, fortaleciendo las capacidades de los gobiernos regionales, locales y del nivel central para planificar las inversiones en el área rural y brindar servicios sostenibles a €las familias campesinas, promover la educación en salud e higiene y fortalecer un mecanismo de apoyo a las JASS desde los gobiernos locales, que apoye las sostenibilidad de los servicios. €|Apoyo a la Descentralización en agua y saneamiento rural|Las buenas prácticas y las lecciones aprendidas serán €documentadas y sistematizadas a fin de promover su réplica a mayor escala, a nivel regional y nacional.|2005-08-05 14:50:40|1995-1997 y 2007-2009|True|True|False|True|False|False||True|True|True|True|True|True|True|True|True|False|False|True|True|True|True|
BO148IIP02T01|* Implementación de proyectos hidreléctricos en comunidades rurales|* Identificación de pequeños aprovechamientos €* Diseño de pequeñas plantas hidroenergéticas €* Planificación de sistemas energéticos rurales €* Desarrollo de equipos de generación|* Capacitación de personal  local para la operación y administración constituye un factor determinante para el éxito del proyecto €* Se debe fomentar el uso de energías renovables como opciones energéticas para las zonas rurales aisladas, y poner particular énfasis en la promoción de la €hidroenergía a pequeña escala (micro y mini) como una opción apropiada para facilitar el acceso de un amplio sector de la población rural a la electricidad €|1996-12-30 15:22:15||True|True|False|False|True|False||True|True|True|True|True|True|True|True|True|False|False|True|True|True|True|
BO148IIP04T02|Construcción de infraestructura de agua y saneamiento básico.|Capacitación en educación sanitaria y generación de capacidades locales.|* El trabajo a ser realizado en cada comunidad será bajo la modalidad de auto ayuda, considerando medidas de mitigación y prevención ambiental. €* Las intervenciones responden a las demandas de las localidades a través de sus municipios: localidades rurales entre 201 y 2000 pobladores|2007-08-09 22:21:58||True|True|False|False|True|False||True|True|True|True|True|True|True|True|True|False|False|True|True|True|False|
BO150IIP01T01|Conscientizar a la gente sobre el proceso de reciclaje para la conservación del medio ambiente.|El objetivo específico del reciclaje es sacarle el mejor provecho a los desechos del papel.|La metodología que emplea el departamento de producción es a través del flujo de reciclaje seguido del acopio del papel.|1979-01-01 19:56:08|Permanente|True|True|True|False|False|False||False|True|True|False|True|True|False|True|True|True|True|True|True|True|True|
BO151IIP01T00|Ofrecer una solución a la niñez y una perspectiva de mejoramiento en la calidad  y el estandar de la vida.|El niño debe tener una casa limpia, y su futuro garantizado.|Concientización y muestra de vida.|1998-12-01 20:29:46||True|True|True|False|False|False||True|True|False|True|True|False|True|True|False|False|False|True|True|True|True|
BO172IIIP01T01|El objetivo del proyecto es de proveer energía eléctrica mediante sistemas fotovoltáicos domiciliarios a través de un servicio tarifario a más de 10.000 familias en el área rural del Departamento de Santa Cruz, a los cuales no llegará la red convencional en un mediano y largo plazo. € €||La identificación en una primera opción a difundir recayó en los sistemas fotovoltáicos, sistemas que justamente servirán para proveer energía a unidades familiares del área rural, para cubrir sus necesidades de iluminación, comunicación y entretenimiento. €|2001-03-26 18:52:44||True|False|True|False|True|False||True|True|True|True|True|True|True|True|True|False|False|True|True|True|True|
BO172IIIP02T01|Alimentar en el futuro con  la energía producida por el aprovechamiento eólico, también a redes aisladas, en las cuáles los costos de producción de corriente son considerablemente mayores que en las redes grandes.|Obtener conocimientos propios, orientados hacia el uso práctico, en el área de utilización de la energía eólica|Un criterio para la selección de ubicación y para la factibilidad de proyectos de energía eólica son las condiciones de viento|1999-11-22 13:43:28||True|False|False|True|True|False||False|True|False|False|True|False|True|True|False|False|False|True|True|True|True|
BO173IIIP01T01|Desarrollar diferentes proyectos destinados a suministrar energía a las poblaciones del área de Oruro, que hasta hace poco no contaban con ningún tipo de servicio de energía utilizando mecheros, velas, lámparas a gas y pilas.||La alternativa elegida para electrificar el poblado fue aprovechar un recurso renovable ampliamente disponible en casi todo el departamento de Oruro: La radicación solar, la cuál sería aprovechada mediante módulos fotovoltáicos €|2002-05-27 13:58:18||True|False|False|True|True|False||False|True|True|False|True|True|False|True|True|False|False|True|True|True|True|
BO174IIIP01T02|Desarrollar un mercado energético ampliado, sobre todo a las áreas ruralesl. | Alcanzar objetivos de suministro energético seguro, confiable y sostenido |Superar los bajos índices de suministro energético a las áreas rurales,  que la energía efectivamente sea un factor de desarrollo y la población rural pueda mejorar sustancialmente sus condiciones de vida.|2002-03-01 19:05:27||True|False|False|True|True|False||False|True|False|False|True|False|False|True|False|False|False|True|True|True|True|
BO175II-IIIP02T01|Desarrollar sistemas termosolares para el calentamiento de agua, con mejores eficiencias y menor costo de producción, que nos permita construir modelos funcionales y competitivos, fáciles de transportar e instalar, de manera que se pueda realizar una difusión amplia en sectores de la población y en diversas instituciones y del sector industrial.|- Estudiar el comportamiento de un colector solar de circulación natural o termosifón para determinar los parámetros que lo caracterizan.  € €- Realizar la evaluación de las pérdidas por convección libre.  €- Obtener datos experimentales que resulten adecuados técnicamente  para obtener un rendimiento óptimo del colector.||1999-05-03 18:36:00||True|False|True|False|True|False||False|True|False|False|True|False|False|True|False|False|False|True|True|True|True|
BO175II-IIIP03T01|Contribuir al conocimiento y aplicación de determinados tipos de energías renovables que pueden ser utilizados en la industria y también en la solución de determinados problemas comunitarios por ejemplo la falta de agua potable.  € €|Aprovechar las aguas subterráneas producidas por los pozos petroleros que hayan ingresado en franca declinación y el avance agua de formación sea acentuado. Como generalmente, estas aguas de formación son saladas, es posible desalinizarlas separando su contenido de sal por medio de un destilador solar.|Para la aplicación de la energía solar en la destilación de las aguas de formación, se ha diseñado un modelo a escala de Destilador solar en base a los datos de radiación solar del Servicio Nacional de Meteorología e Hidrología Regional Santa Cruz.|2003-03-10 18:28:20||True|False|False|True|True|False||True|True|False|True|True|False|True|True|False|False|False|True|True|True|True|
BO175II-IIIP06T01|Promover el uso de energías regenerativas como son la eólica, solar, hidráulica, muscular humana, etc., y la racionalización de las fuentes energéticas convencionales.|- Establecer un método para determinar la demanda energética de la Bomba de soga, es decir la potencia aplicada por el operador.  € €- Determinar la capacidad, potencia requerida y eficiencia de la Bomba de Soga. € €- Mejorar la ingeniería del diseño de la misma. € €- Determinar el potencial de uso de la Bomba de soga en microriego.||2002-04-01 19:23:28||True|False|False|True|True|False||False|True|False|False|True|False|True|True|True|False|False|True|False|True|True|
BO175IIIP01T01|Estudiar el comportamiento de los vientos en las zonas de Santa Cruz, de manera que a través de los histogramas se permita la implementación de bombas eólicas en comunidades rurales, destinadas al abastecimiento de agua potable, agua para riego y animales, asegurando el abastecimiento de agua durante todo el año para una familia o grupo familiar.|- Determinar el Caudal, potencia y trabajo de la bomba. € €|Análisis comparativo de características mecánicas y costos de diferentes tipos de bombas eólicas, ofertadas en el mercado de Santa Cruz de la Sierra. €|2000-10-02 18:06:46||True|False|False|True|True|False||False|True|False|False|True|False|True|True|True|False|False|True|True|True|True|
BO176IIIP01T01|Aprovechar la energía solar para termos solares, Mediante paneles solares|Ahorrar energía eléctrica||1999-10-11 19:19:15||True|False|False|True|False|False||False|True|True|False|True|True|True|True|True|False|False|True|True|True|True|
BO177IIIP01T01|Retomar y practicar la filosofía del reciclaje de la chatarra de baterías |- Reciclar chatarra de baterías Plomoácido. € €- Incorporar el proceso de reciclaje de polipropileno de alta densidad.||1999-11-04 17:57:59||True|True|True|False|False|False||True|True|True|True|True|True|True|True|True|False|False|True|True|True|True|
BO178IIIP01T00|Abastecer de electricidad solar las casas, escuelas, postas sanitarias, campamentos y comunidades en el campo.|||2001-09-04 18:01:57||False|True|False|False|True|False||True|True|True|True|True|True|True|True|True|False|False|True|True|True|True|
BO199II-IVP01T00|Apoyar la creación de condiciones y oportunidades apropiadas necesarias para la supervivencia, la defensa de la cultura indígena y de sus ecosistemas.|- Apoyar de manera directa pequeñas iniciativas y proyectos de inversión en favor  de Pueblos Indígenas amazónicos.|El Programa no tiene guía específica para financiar proyectos. El contenido de un documento de proyecto depende de la capacidad de formulación del grupo indígena. Lo que le interesa al Programa es que la idea esté claramente planteada, expresando las razones en que se origina, la forma en que se desarrollará y los logros o resultados que se pretenden obtener. € €La propuesta debe ser colectiva, de un grupo de interesados, motivado y comprometido; la solicitud debe contar con el aval de la comunidad. € €Los proyectos deben estar orientados bajo un enfoque de aprovechamiento de los recursos naturales y de valoración de las culturas. A solicitud de las comunidades, el Programa puede contratar técnicos o consultores para que asistan en diferentes áreas de un proyecto. Los beneficiarios pueden determinar las funciones y las personas que quieren ser tomadas como técnicos o consultores. € €En general, el Programa apoya proyectos pequeños dirigidos sólo a grupos interesados al interior de comunidades y Pueblos Indígenas. € €Los proyectos deben ser administrados directamente por los beneficiarios indígenas. € €Respecto a la contraparte, no es una condición, pero, en general se espera que haya un aporte de la comunidad y de ser el cofinanciamiento de alguna otra entidad u organismo de apoyo. € €En el proceso de calificación: € €Primero, La Dirección del Programa analiza la propuesta y consistencia del proyecto, de los proponentes y si la iniciativa está acorde a la clase de proyectos que se financian. € €Segundo, Si es interesante, la propuesta se valida en una visita de campo en la que, además, en caso de ser necesario, se apoya la formulación de la propuesta como proyecto. € €Tercero, En los casos en que la propuesta supere el monto de US$ 10.000, se somete a consideración de la Junta Directiva del Programa (FIDA, CAF, OIT, COICA, Fondo Indígena y TCA). En lo posible se da una respuesta en un tiempo no mayor a tres semanas. € €En cuanto al proceso de calificación y selección: € €1. Los proyectos deben responder a la situación de los lugares y a las características del grupo indígena interesado. € €2. Debe contar con el aval y conformidad de la comunidad y/o su organización. € €3. El seguimiento del proyecto debe ser menos costoso que el proyecto. € €4. Se considera el producto, el mercado, cofinanciamiento (socios locales) y la sostenibilidad del proyecto. € €Por otra parte, el Programa da Asistencia técnica que funciona de la siguiente manera: € €1. La comunidad solicita asistencia técnica para algo. € €2. La comunidad puede sugerir a una persona (técnico, profesional o a alguien conocedor de algo y de la misma comunidad), si no, el Programa tiene un "banco"de consultores. € €3. Los proponentes contratan al asesor técnico y se le paga con dinero del proyecto presentado. € €4. El Programa tiene también la posibilidad de contratar directamente, consultores que apoyen el análisis de temas específicos, estudios de factibilidad de ideas de negocios e incluso, para formular el documento del proyecto.|2002-01-28 16:53:07|Indefinida|True|True|True|True|True|False||False|False|True|False|False|True|False|False|True|False|False|True|True|True|True|
BR027II-IIIP01T01|Identificación de las áreas y mecanismos de €descarga del Acuífero. (Sensores remotos, €hidroquímica y piezometría, en asociación con €geología estructural y tectónica regional).|Elaboración de un modelo hidrogeológico de €simulación de balance hídrico.|*Implementar un banco de datos de pozos y uno €de servicio de informaciones a los usuarios. € €* Elaboración de folletos sobre las ventajas €comparativas de utilización de los recursos €hídricos subterráneos €|1999-09-15 22:20:06||False|False|False|False|True|False||True|True|True|True|True|True|True|True|True|False|False|True|False|False|False|
BR034II-IVP00T00|Es diseñar un plan nacional de saneamiento integral que, respondiendo a la politica nacional del sector, cuente con proyecciones de inversión que incluyan metas institucionales, económicas, tecnicas y ambientales que aseguren soluciones sustanciales.|Entre los objetivos especificos mejorar y fortalecer el servicio, impulsar la busqueda de nuevas soluciones de gestión, concentrar la ejecución de las políticas nacionales del sector.|Recolección de bibliografías|2006-08-03 18:30:49||True|False|True|False|False|False||True|True|False|True|True|False|True|True|True|False|False|True|False|False|False|
BR114IP01T01|Solução a ser aplicada no desenvolvimento de programas habitacionais, produzindo habitações de baixo custo e elevada QUALIDADE.||Nos últimos anos, Órgãos Públicos, Agentes Privados e Associações de Classe vêm incentivando e até patrocinando pesquisas nesse âmbito, proporcionando o surgimento de vários sistemas, dentre os quais sobresaem-se os que utilizam  painéis pré-fabricados, ou processos de moldagem "in situ".|2001-07-24 10:49:35||True|False|False|False|True|False||True|True|False|True|True|False|True|True|False|False|False|True|False|False|False|
BR153IIP01T01|*Fornecimento de dados a EMATER Central sobre o trabalho desenvolvido e da realidade rural;  €*Relacionamento com outros órgãos que atuam na área com desenvolvimento de trabalhos conjuntos junto à população rural, etc...;  €|Prestação de assistência técnica aos produtores rurais visando assegurar produção e renda das culturas e criações exploradas (orientações sobre preparo do solo, plantio, controle de pragas e doenças, colheita, manejo de animais, controle sanitário, melhoramento animal, etc...)|Pelo contato permanente com os produtores e suas famílias, praticamente em todas as ações governamentais ou não, na área rural, a EMATER-DF é acionada para se pronunciar a respeito, fazer divulgação e mobilização da população rural, trabalho em parceria e participação em grupos de trabalho|2005-01-24 15:50:46||True|True|False|False|True|False||True|True|False|True|True|False|True|True|True|True|True|True|True|True|True|
BR153IIP02T01|Extracción manual de agua de pozo.|||2002-07-24 16:49:56||True|True|False|False|True|False||False|True|True|False|True|True|False|True|True|False|False|True|True|True|False|
BR153IIP03T01|Bombear agua de un lugar a otro, sin ningún tipo de esfuerzo y con mayor rapidez utilizando el agua como fuente de energía.|||1999-07-05 12:15:24||True|False|False|True|False|False||False|True|False|False|True|False|False|True|True|False|False|False|True|True|True|
BR153IIP04T01|Limpiar el agua de impurezas sólidas, partículas suspendidas en ella, de una manera €sencilla.|||1998-11-23 13:13:38||True|True|False|True|False|False||True|True|True|True|True|True|True|True|True|False|False|True|True|True|True|
BR153IIP05T01|Purificación de agua a nivel doméstico.|||2001-07-16 11:03:23||True|False|True|False|False|False||True|True|False|True|True|False|True|True|True|False|False|True|False|True|True|
BR176IIIP01T01|Implantar microssistemas energéticos solar fotovoltáicos em duas comunidades rurais, com vista a avaliar os impactos sócio-econômicos advindos da implantação destes sistemas e verificação da melhoria da qualidade de vida resultante de sistemas públicos que serão beneficiado. Visa-se também um acompanhamento da variação solar fotovoltáica para cada região escolhida de forma a gerar valores para contabilizar em um sistema de mapeamento energético local.|- Análise atual em que se encontram as comunidades escolhidas. €- Suprir de energia elétrica dependências comunitárias: 2 escolas, 2 postos de saúde e 2 sistemas de bombeamento e tratamento de água. €- Adaptação as realidades locais para gerenciar, auto-sustentar e utilizar corretamente os sistemas. €- Identificar os valores de potencialidade energética local, e montar um banco de dados dos valores para cada comunidade (região), de acordo com a época do ano, fazendo a projeção energética graficamente. €- Avaliação do desempenho do sistema energético implantado, de acordo com o rendimento e utilização local, comparando o custo geral em implantação e manutenção com o sistema convencional, KWh e custo pessoa. €- Avaliação da mudança social, cultural e econômica da comunidade, dada a presença desta tecnologia alternativa. € €METAS € €1.Definição/ seleção das comunidades € €2. Discussão com as comunidades p/ receberem o projeto € €3. Estruturação do projeto para utilização dos sistemas alternativos € €4. Aquisição e instalação dos microssistemas  € €5. Treinamento da comunidade quanto ao uso da energia € €6. Acompanhamento da operação dos equipamentos pela comunidade € €7. Avaliação dos impactos sociais do projeto junto a comunidade € €8. Capacitação de agentes nas comunidades para o gerenciamento dos sistemas €|Para realizar o atendimento de energia à comunidade, o projeto prevê a seguinte metodologia: € €1. Preparação e treinamento da comunidade - Elaboração de material didático (cartilhas e palestras) com informações sobre o uso da energia elétrica e o funcionamento do sistema. Com este processo objetiva-se criar na comunidade o hábito de conservação de energia, conscientizando-a de que a energia ofertada pelos sistemas é limitada e por esta razão deve ter uma boa destinação sócio-econômica. € €2. Instalação dos sistemas de geração e acessórios - Aquisição dos sistemas compostos basicamente de painéis fotovoltáicos, baterias, controladores de carga, inversores, etc. A geração de energia se dará por efeito fotovoltáico sendo armazenada em banco de bateria, suprindo diversos equipamentos das escolas, postos de saúde, sistemas de captação e bombeamento de água. € €3. Acompanhamento, avaliação e otimização dos sistemas - Monitoramento do funcionamento dos equipamentos para avaliação do desempenho técnico e efetivação de possíveis ajustes entre a oferta e demanda de energia. € €4. Avaliação dos impactos socio-econômicos na comunidade - Elaboração de estudos e análises da evolução da situação da comunidade nas etapas pré e pós instalação dos sistemas, visando identificar os impactos causados na sócio-economia da população local. Como instrumentos de coleta de dados serão utilizados questionários específicos elaborados por especialistas em diversas áreas, que serão responsáveis pelas análises das modificações ocorridas. € €5. Emissão de relatórios  - Elaboração de relatórios específicos para cada etapa do projeto. €|2009-09-03 18:17:20.840000000||True|False|True|False|True|False||True|True|False|True|True|False|True|True|True|False|False|True|True|True|True|
BR176IIIP02T01|Este projeto têm como objetivo utilizar recursos tecnológicos alternativos adequados para garantir a sustentabilidade de comunidades carentes da amazônia, onde pretende-se sintetizar a melhor utilização de fontes renováveis e alternativas de energia para garantir o atendimento de equipamentos que façam funcionar com boa qualidade posto de saúde, escolas. Poços d'água, centros comunitários e outros que se façam necessários.|a) Atender sistemas de iluminação comunitária €  €b) Atender sistemas de tratamento d'água juntamente com o bobeamento adequado para quantidade de moradores. € €c) Atender sistemas para postos de saúde de forma a funcionar, geladeira para vacinas, rádios de comunicação, nebulizador (aerosol), estufa para esterilização de equipamentos e outros. € €d) Atender sistemas audio-visuais de escolas, bem como iluminação e outros. € €|Como primeiro passo determinar-se as comunidades que podem ser atendidas por sistemas alternativos, indentificando que tipo de fonte alternativa (sol, vento, água, biomassa) é o mais adquado. € €Depois buscar-se as fontes de funcionamento para quais ajudaram no processo de evolução do projeto, passo 70% desenvolvido pela comunidade ou prefeitura responsável por ela. € €Seguinte a isto desenvolver-se um projeto adquado que atenda as demandas para um bom funcionamento das necessidades básicas da comunidade, melhorando assim o seu nível de vida. € €O passo de desenvolvimento do projeto consta analisar, implantar, adequar, supervisionar e garantir um bom funcionamento dos sistemas requisitados, pois não se deve impor que necessidades devemos melhorar, e assim perguntar e reuir com a comunidade, para que ela mesma possa definir o que e necessidade, pois só ela sabe das suas necessidade locais.|1999-07-05 18:47:35|Indeterminado meses (trata-se de uma meta da CERAM|True|False|True|True|False|False||False|True|True|False|True|True|True|True|True|True|False|True|False|False|True|
CO015IIIP01T01|Aumentar la cobertura del servicio de energía eléctrica en el Pacífico, la Orinoquía y la Amazonía, con el fin de incrementar la productividad y la calidad de vida de los habitantes, promoviendo el desarrollo y la generación de condiciones propicias para la paz en dichas regiones.|- Lograr a través de la utilización de las fuentes de energía disponibles en las zonas priorizadas, como los recursos hídricos y la radiación solar, a través de generación de electricidad por pequeñas centrales hidroeléctricas y por medio de la instalación de sistemas  fotovoltaicos.  ||2009-08-06 17:06:29.660000000||True|False|True|False|True|False||False|True|False|False|True|True|True|True|True|False|False|True|True|True|True|
CO026IIIP03T01|Formar el talento humano con competencia en los aspectos técnico, administrativo, legal, empresarial y ambiental de los procesos involucrados en el desarrollo de la minería de aluvión, como elemento indispensable en la autorregulación del aprovechamiento de los recursos naturales y la preservación del medio ambiente.|- Promover y facilitar la transferencia, el intercambio científico y técnico, de los aspectos mineros y ambientales a los pobladores y explotadores del área.     - Crear conciencia y propender por la necesidad de un buen manejo de las variables ambientales.     - Autogenerar proyectos al interior de las comunidades de tipo minero, ambiental o conexos.     - Fortalecer el respeto y la convivencia entre los diferentes habitantes de la región.     - Establecer nuevos lasos de comunicación entre la comunidad y el estado.     - Crear nuevas oportunidades de trabajo y desarrollo para la región. |Se atenderá a los mineros que exploten los aluviones con el sistema de dragado por succión y explotación por monitores, a los líderes indígenas, a los jóvenes de las comunidades interesados en temas mineros y ambientales y a empleados del estado que tengan como función el control, vigilancia, asistencia técnica y monitoreo de los recursos naturales y del medio ambiente en la región.     El universo a cubrir será en principio   trescientas (300) personas, que directamente están relacionadas con trabajos mineros y aquellos que indirectamente están afectados positiva o negativamente por el ejercicio de la actividad minera. También a funcionarios públicos relacionados con el manejo minero – ambiental, el número máximo de alumnos por grupo será de treinta (30) personas.    |2009-08-05 16:43:31.553000000||True|False|False|True|True|False||False|True|True|False|True|True|True|True|True|False|False|True|True|True|True|
CO031IIP01T01|El objetivo orientado a dotar del servicio de abastecimiento de agua en cantidad suficiente a las poblaciones de nuestra comarca vallecaucana, en el concepto arriba plantado, resolviendo así la problemática de salud asociada por carencia y/o no disponibilidad del líquido.|El mejoramiento de los acueductos, introduciendo la calidad del agua, para lo cual será menester  desarrollar y aplicar tecnología blanda accesible a los recursos y capacidad de los operadores de los sistemas.|La metodologia consiste en el desarrollo de una plataforma de servicios públicos de agua y drenaje residual contemplan visitas de reconocimiento, evaluación de las potencialidades de la infraestructura adyacente al globo de desarrollo habitacional, levantamiento topográfico con diseño urbanístico los cuales constituyen el insumo básico para una plataforma|2007-09-28 17:49:28||True|False|False|False|True|False||True|True|True|True|True|True|True|True|True|False|False|True|True|True|True|
CO115I-IIP01T00|Mejorar  la  calidad  de  vida  de  los  habitantes de la zona, mediante acciones cogestionadas por la sociedad civil, como instrumento para fortalecer las organizaciones de base locales.  € €|-   Instalar    sistemas     alternativos     para    el    suministro  de energía eléctrica, abastecimiento de agua potalble y manejo adecuado de aguas servidas en asentamientos campesinos rurales marginados. € €- Fortalecimiento y capacitación de la Junta de acción comunal para el desarrollo de actividades ambientales y organizativas en la zona. € €||2001-09-28 16:56:55||True|True|False|True|False|False||False|True|True|False|True|True|False|True|True|False|False|True|True|True|True|
CO118IP01T01|Mejorar la calidad de vida  de la  mujer, fortaleciendo  la educación para la actividad productiva y social, en Mitú. € €|- Construcción de una sede para la Organización de Mujeres del Vaupés con fines educativos, productivos y sociales. € €- Fortalecer organizaciones de mujeres, que sirvan como canales de concientización social de su papel dentro de las metas de desarrollo comunitario. € €||1998-07-28 18:03:10||True|True|True|True|False|False||False|False|False|True|True|True|False|False|False|True|True|True|False|True|False|
CO120IP01T00|Apoyar  el  fortalecimiento del  centro  juvenil  amazónico  como formador de líderes indígenas con el fin de promover los valores étnicos comunitarios, culturales y ecológicos, orientados hacia el desarrollo sostenible. € €|- Construir y adecuar las instalaciones del centro Ágape para la  formación de líderes indígenas. € €- Abrir nuevas posibilidades de desarrollo para los jóvenes indígenas, mediante la inducción en técnicas alternativas de producción. € €||1998-11-28 18:37:32||True|True|False|True|False|False||False|False|True|False|False|True|False|True|True|True|True|True|True|True|False|
CO122I-IIP01T01|Máquina manual para fabricar bloques de suelo-cemento sin o con núcleos de diferente €forma|||1987-10-12 16:50:34||False|False|False|True|True|False||True|True|True|True|True|True|True|True|True|False|False|True|True|False|False|
CO160IIP01T00|Garantizar  el  autoconsumo  de  las  unidades  familiares a  través del  montaje de parcelas con tecnologías alternativas a la tradicional "Tala y Quema". € €|- Fortalecer la cooperativa de pequeños agricultores mediante la capacitación en tecnologías alternativas de producción, organización empresarial y la dotación de maquinaria adecuada. € €- Recuperar áreas de braquiaria degradadas por sobre pastoreo, mediante el montaje de sistemas alternativos de producción agrícola sostenible. €||2001-10-01 16:09:07||True|True|True|True|False|False||False|True|True|False|True|True|False|True|True|False|True|True|True|True|True|
CO183IIIP01T00|Apoyar los principios  solidarios  de  la  junta  de  acción comunal de Barrancominas en torno a la recuperación de su negocio comercial comunitario.|- Fortalecer la JAC para  un  manejo  eficiente  y adecuado de los recursos generados por su empresa de economía social. €- Montar una opción comercial de carácter comunitario que permita nomalizar precios de compra y venta de artículos de la canasta básica familiar y productos locales. € €||2003-02-03 18:22:58||True|True|True|False|False|False||False|False|True|False|False|True|False|True|True|True|True|True|True|True|True|
EC084IIIP01T00|El objetivo de este estudio es preparar una evaluación preliminar de los BENEFICIO ECONOMICO TOTALES derivados de la instalación de un BDP ANÁLISIS DE ECOSISTEMA PARA EL USO DE UN BIODIGESTOR DE POLIETILENO de tamaño promedio usado por familias rurales.|-Análisis de sistemas con entradas y salidas €- Valorarción en términos económicos en base a la información derivada del análisis anterior. |El método aplicado para la valoración monetaria (términos económicos) es el de costos evitados como es descrito por Pearce (1993), Turner et al. (1994), Edwards-Jones et al. (2000), Russell (2001), entre otros.|2006-08-15 16:12:28||True|True|False|False|False|False||False|True|False|False|True|False|False|True|False|False|False|True|True|True|True|
EC105IIP01T02|El objetivo de este trabajo, se considera como sistemas "no convencionales", a aquellos esquemas de abastecimiento de agua compuestos por soluciones individuales y multifamiliares dirigidas a aprovechar pequeñas fuentes de agua y que normalmente demandan el transporte, almacenamiento y desinfección del agua en el nivel intradomiciliario|Demostar y explicar las distintas tecnologías de captación de aguas de lluvia y las tecnologías para el uso y disposición final del residuos sólidos Biodegradables.||2005-08-12 18:08:05||True|False|True|False|False|False||True|True|True|True|True|True|True|True|False|False|True|True|True|True|True|
EC110IIP02T01|Diseñar un sistema efectivo de remoción de contaminantes en los lixiviados del relleno sanitario de Logroño, acorde a las condiciones ambientales del sitio de implementación|Generar inocuidad ambiental a las descargas de lixiviados del relleno sanitario de la ciudad de Logroño. €o Prevenir la contaminación ambiental al Río Upano (cuerpo receptor de las aguas lixiviadas).||2000-01-25 22:32:46||True|True|True|True|False|False||False|True|False|False|True|False|False|True|False|False|True|True|True|True|False|
EC149IIP01T02| Dotar de Agua Potable y Saneamiento Básico a las Comunidades rurales, previos estudios técnicos de requerimientos por las distintas comunidades.|| Realización de Letrina con arrastre de agua, dotado de pozo séptico y zanja de infiltración de aguas grises.|2006-05-15 17:53:39||False|True|False|False|True|False||True|False|False|True|False|False|True|False|False|False|False|True|True|True|True|
EC149IIP02T03|Incremento de las coberturas y logro del uso efectivo de los servicios de agua potable y saneamiento a través de proyectos sostenibles|· Apoyo a los procesos de Modernización y Descentralización del Estado. €· Fortalecimiento del Sector, a través de políticas coherentes, capacitación y asistencia €técnica de la Subsecretaría de Agua Potable y Saneamiento Básico del Ministerio de Desarrollo Urbano y Vivienda a gobiernos municipales y sector privado.|Se orienta a que las comunidades sean decisoras de la gestión de los servicios. Estas, en coordinación con su municipalidad, se responsabilizarán de la gestión y €sostenibilidad de los servicios de agua y saneamiento según lo establece el marco legal existente, pudiendo delegar o concesionar a terceros esta actividad.|2003-09-08 11:25:00||False|False|False|False|True|False||False|True|True|False|True|True|False|True|True|False|False|True|True|True|True|
EC149IIP03T01|El objetivo es diseñar una bomba de agua que se ajuste a la realidad de las familias ecuatorianas, procurando utilizar materiales de ferretería, fáciles de conseguir, instalar, mantener y de armar.|*Utilización de las bombas para extraer agua de pozos someros con alta efectividad. €*Uso de las bombas como una respuesta emergente y eficaz en caso de desastres, donde han colapsado los sistemas. €||2004-11-15 19:24:27||False|False|False|False|True|False||False|True|True|False|True|True|False|True|True|False|False|True|True|True|False|
EC184IIP01T01|Realizar una evaluación ambiental, en base al concepto de prevención de la contaminación, en una industria de papel, que utiliza como materia prima papel de reciclaje.|Promover  la identificación de opciones que permitan reducir la carga contaminante al ambiente, en base a la optimización de procesos y operaciones unitarias. |1- Preparación de la pasta €2- Equipo de generación de vapor  €3- Sistema de vapor €4- Reemplazo de motores electricos.|2004-11-29 17:39:04||True|False|False|False|False|False||True|True|True|True|True|True|True|True|True|True|True|True|False|True|True|
EC218IIP01T01| El objetivo es aporta información detallada acerca de los impactos sociales y ambientales ya constatados en plantaciones del mismo tipo de las ahora promovidas por el gobierno y se destina un capítulo especial a lo  impactos diferenciados sobre las mujeres.|Aspirar a que esta información, recogida de las propias poblaciones afectadas, sirva para hacer cambiar de rumbo al gobierno en esta materia.|Recoleccion de bibliografia y politica de estado.|2008-10-10 18:39:53||True|True|False|False|False|False||False|True|True|False|True|True|False|True|True|True|False|True|True|True|False|
EC220IIP01T01|El objetivo de este documento es analizar las operaciones de la empresa Sueca Skanska y los impactos ambientales sociales culturales y económicos que han provocado estas operaciones en el Ecuador.|Restaurar el ambiente implica recuperar las funciones ecológicas del ecosistema del ecuador.|Recolección de los tratados petroleros del Ecuador|2001-09-10 14:54:01||False|False|True|False|False|False||True|True|True|True|True|True|True|True|True|True|False|False|True|False|False|
EC248IIP01T01|Desarrollar  proyectos en la Amazonía ecuatoriana bajo la aplicación de tecnologías que se ajustan a las necesidades propias de las diversas comunidades, en la construcción de inodoros secos bajo el principio de Letrinas Aboneras Secas Familiares.||La construcción de los inodoros según juicio de los mismos promotores, manifiestan que se trata de una tecnología muy sencilla.|2002-11-14 16:15:22||False|False|True|False|False|False||False|True|True|False|True|True|False|True|True|True|True|True|False|False|False|
EC248IIP04T01|Construcción de un tanque de captación y la red de distribución,  para beneficiar a 30 familias de la comunidad Tsunktnisa.|* Optimizar el recurso de agua para la comunidad por no contar con este servicio vital. €*Solucionar en gran parte los problemas de salud €*Prevenir las  enfermedades  entre  la población para  el  mejoramiento  de condiciones de vida. €*Tratar de que el servicio sea el mejor con la capacitación del mantenimiento de los tanques de agua en buen estado.||2008-04-21 17:54:17||False|False|False|False|True|False||False|True|True|False|True|True|True|True|True|False|False|True|False|True|True|
EC250IIP01T01|Mejorar la cobertura en saneamiento básico dentro de la frontera Norte; Provincias de Sucumbíos, Orellana, así como otras provincias de la Sierra Norte y Sur.|*Mejorar la calidad de vida de la población vulnerable de la región (especialmente en materia de salud, medio ambiente, infancia / juventud), y €*Fortalecer las capacidades de las instituciones locales, incluida la Cruz Roja, con el fin de enfrentar mejor los desafíos del desarrollo social de manera participativa, con promoción social y que resulte sostenible €||1998-08-14 18:15:51||False|False|True|True|False|False||True|True|True|True|True|True|True|True|True|False|True|True|True|True|True|
EC251IIP01T01|Mejorar el nivel de vida de la comunidad y a la vez incidir de manera positiva en la salud de los usuarios mediante la dotación de barreras sanitarias contra las diferentes vías de transmisión de enfermedades.|Combinar el mejoramiento de la vivienda, con la elaboración de lavamanos, la construcción de inodoros secos con separación de orina y la huerta para la ejecución de un programa de manejo de residuos tanto sólidos como líquidos en cada hogar y en el centro comunitario. |La orina es utilizada como fertilizante en los semilleros de hortalizas y verduras. Las heces son deshidratadas e higienizadas y utilizadas como acondicionador de suelo para árboles frutales. Los residuos orgánicos son compostados y la composta usada como abono. Los residuos biodegradables de la cocina comunal y las aguas fecales de las baterías sanitarias son usados para alimentar el biodigestor. La ceniza de la quema del papel y de la fogata de la cocina se utiliza como material secante en el inodoro. Los plásticos, botellas, latas y botas de caucho son depositados en un relleno sanitario. |2004-04-14 18:47:48||False|False|True|False|False|False||False|True|True|False|True|True|True|True|True|False|True|True|False|True|False|
EC254IIP01T00|Dotar de letrinas individuales a las viviendas de cinco comunidades.|Desarrollar la Letrina con arrastre de agua, dotado de pozo séptico y zanja de infiltración de aguas grises.| €|2008-08-17 18:19:44||True|True|False|False|True|False||True|True|True|True|True|True|True|True|True|False|True|True|True|True|True|
EC256IIP01T01|Dotar de Agua Potable y Saneamiento Básico a las Comunidades rurales, previos estudios técnicos de requerimientos por las distintas comunidades|Desarrolar letrinas con arrastre de agua, dotado de pozo séptico y zanja de infiltración de aguas grises. ||2008-08-18 18:58:59||False|False|False|False|True|False||False|True|True|False|True|True|True|True|True|True|True|True|False|False|False|
EC310IIP01T01| Tratamiento permanente de las aguas servida|||2005-09-19 22:08:46||True|False|False|True|True|False||True|True|True|True|True|True|True|True|True|False|False|False|False|False|True|
EC311IIIP01T00|- Mejorar las condiciones de vida, mediante el suministro de energía fotovoltaica para uso domiciliario, servicios de salud, educación, casas comunales y cabañas turísticas. €- Desarrollo de modelos de sostenibilidad.|Dotar de energía eléctrica a 115 familias a través de sistemas fotovoltaicos individuales de 106Wp.||2004-01-01 00:00:22||False|False|False|False|True|False||False|False|True|False|False|True|False|False|True|False|False|True|True|True|True|
EC311IIIP03T00|-Mejorar las condiciones de vida, mediante el suministro de energía para uso domiciliario. €- Desarrollar  programas de sostenibilidad.|Dotar de energía eléctrica a 200 familias a través de sistemas fotovoltaicos individuales de 100Wp,|- Capacitaciótar para el mantenimiento y operación de los equipos instalados |2005-01-01 00:15:30||False|False|False|False|True|False||False|False|True|False|False|True|False|False|True|False|False|True|False|True|True|
EC313IIIP01T01|Proporcionar a las comunidades rurales beneficiarias, privadas del acceso a la red eléctrica, una fuente de energía eléctrica renovable para uso estrictamente comunitario|*Dotar de infraestructura civil y tecnológica €*Mejorar la calidad de vida de los habitantes de las 91 comunidades rurales del Ecuador, a través del acceso a las tecnologías de la información y la comunicación, y a la energía. €*Capacitación integral a las unidades de gestión en cada comunidad (técnica, administrativa, legal) €||2006-12-21 16:16:13|37 MESES|True|False|False|False|True|False||True|True|True|True|True|True|True|True|True|False|True|True|False|True|False|
EC314IIIP01T00|Promover el uso generalizado de las energías renovables y la conservación y el uso racional de sus recursos naturales , en el marco del Plan de Vida del Consejo de Gobierno del Pueblo Shuar Arutam|*Ampliar la cobertura de energía renovable existente en el territorio del Pueblo Shuar Arutam, hacia el Centros Shuar Uwintas, de la Asociación Shuar de Sinip. €*Instalar sistemas familiares fotovoltaicos de propiedad comunitaria y manejo familiar.||2008-07-15 21:27:05||True|True|False|True|False|False||False|True|True|False|True|True|False|True|True|True|True|True|False|True|False|
EC314IIIP02T00|Promover el uso generalizado de las energías renovables y la conservación y el uso racional de sus recursos naturales , en el marco del Plan de Vida del Consejo de Gobierno del Pueblo Shuar Arutam|*Ampliar la cobertura de energía renovable existente en el territorio del Pueblo Shuar Arutam. En la comunidad Yumisin. €*Instalar sistemas familiares fotovoltaicos de propiedad comunitaria y manejo familiar||2006-06-15 21:56:15||True|True|False|False|False|False||False|True|True|False|True|True|False|True|True|True|True|False|False|True|False|
EC316IIIP01T00|Promover el desarrollo de las comunidades alejadas de las redes eléctricas, a traves de electrificación fotovoltaica.||*Iluminación pública para el Colegio R. Toigo (2 paneles). €*Bombeo de agua para el centro parroquial (2 paneles) €*Sistemas domiciliarios para viviendas (15 paneles)|2002-11-15 23:05:22|2 años|False|False|False|False|True|False||False|True|True|False|True|True|False|True|True|False|False|True|False|True|True|
GU004IVP00DT00|- Drafting of the Regional ASPnet Plan of Action for Latin America and the Caribbean, based on the World Action Plan drafted at the World Conference in Auckland (New Zealand), in August 2003, on the occasion of the 50th Anniversary of the ASPnet.|- Examine the introduction of the Global Education Initiative “Feeding Minds, Fighting Hunger” within the ASPnet. €- Examine progress in the implementation of UNESCO’s Project “World Heritage in Young Hands” in participating countries. €- Make recommendations to improve the functioning of the ASPnet in the Region.||2004-03-22 15:51:39|4 DIAS|True|False|False|True|True|False||True|True|True|True|True|True|True|True|True|False|False|True|False|False|True|
GU303IIIP01T01|The workshop attempted to bring together all the key stakeholders in the Guyana that would €have an interest in the project or would be directly impacted by the project execution. As such €the participating representatives spanned a very broad spectrum of organisations and activities.|1. To inform the stakeholders about the details of the project €2. To sensitise stakeholders about the role that the participating organizations are, or will be €playing in the development of the energy project at Wowetta, Region 9 to promote €advancement of the community €3. To provide a forum for shared experiences in an effort to promote best practices for €selection of communities for energy projects €4. To provide a forum for the ventilation of issues affecting the management of €developmental energy projects in Guyana €5. To discuss modalities for sustainability of energy projects nationally €6. To discus and review the issues related to project implementation, management and €monitoring €7. To select a National Advisory Committee to overlook the implementation of the project €as well as to advise on any project of this nature in the future €8. Review the choice of Wowetta as the beneficiary community|The consultant shall be in charge of organizing and starting up an “ad–hoc” project advisory scheme called the Multiparty Workshop, made up of major rural sector €stakeholders. They shall include representatives from state sectors (energy, the environment, social and environmental issues, and agriculture), indigenous €communities, campesino communities, municipalities, NGOs, women’s groups, and others, to establish the advisory group to help define procedures, considerations or methodologies to ensure that all major social aspects are included in the rural energy pilot projects.|2008-03-21 20:12:07||True|False|False|True|True|False||True|True|True|True|True|True|True|True|True|False|False|True|False|True|False|
PE003IIP03T01|Estimular en la región la aplicación de tecnologías apropiadas en el manejo de aguas residuales para lograr una gestión sostenibles en los países en desarrollo de la región|Recopilar  experiencias de tratamientos y usos de aguas residuales de Perú.|Los aportes tecnologicos de las experiencias expuestas, materiales de divulgacion, capacitacion y asistencia técnica, factores favorables del programas, factores desfavorables del programa.|2008-07-06 17:12:02||True|False|True|False|False|False||True|True|True|True|True|True|True|True|False|False|False|True|True|True|True|
PE003IIP07T00|Establecer los criterios para elaborar los syllabus para certificación de profesionales y técnicos vinculados al sector agua y saneamiento rural de acuerdo a cada región natural del Perú.|- Elaborar el syllabus para la certificación de profesionales, de acuerdo a las regiones naturales del país. €- Elaborar el syllabus para la certificación de técnicos, de acuerdo a las regiones naturales del país.|Los criterios para elaborar los syllabus o guías de contenidos para la certificación de profesionales y técnicos según regiones naturales del país, se han €establecido teniendo en cuenta las condiciones físicas, sociales, culturales, económicos y ambientales que se necesitan conocer y superar para una gestión eficiente de los proyectos de intervención en el sector de agua y saneamiento del área rural.|2004-05-10 17:32:06||True|False|False|False|True|False||False|True|False|False|True|False|False|True|False|False|False|True|True|True|True|
PE003IIP09T00|- Formular una propuesta preliminar para un sistema integrado de tratamiento y uso de aguas €residuales.|- Evaluar las condiciones existentes del sistema de alcantarillado y/o tratamiento de las aguas €residuales. €- Evaluar las actividades de uso actual o potencial de dichas aguas residuales. €- Evaluar en forma preliminar el contexto socioeconómico del sistema existente. €||2001-06-01 15:46:48||True|False|False|False|True|False||False|True|False|False|True|False|False|True|False|False|False|True|False|False|True|
PE003IIP10T00|Evaluar el manejo de las aguas residuales y su uso actual y potencial en la ciudad de Tacna, con el propósito de proponer un sistema integrado que permita proteger la salud de las personas y generar ingresos a quienes hacen uso de ellas.|- Analizar las condiciones existentes del sistema de tratamiento de aguas residuales, desde su generación hasta su tratamiento. €- Analizar las actividades de uso actual y potencial de las aguas residuales. €- Evaluar en forma preliminar el contexto socioeconómico del sistema existente. €- Formular los elementos básicos para una propuesta de implantación de un sistema integrado de tratamiento y uso de las aguas residuales.||2001-06-01 18:03:48||True|False|False|False|True|False||False|True|False|False|True|False|False|True|False|False|False|True|False|False|True|
PE003IIP11T00|Utilizar las aguas residuales tratadas en las lagunas de San Juan y Parque Huáscar, con eficiencia y actitudes responsables hacia el ambiente. |- Disminuir la contaminación €-Contribuir con el embellecimiento de la zona urbana - Generar nuevos puestos de trabajo y mejorar el ingreso de las familias del lugar.| €|2007-06-01 16:50:40|3 años|True|False|False|False|True|False||True|True|False|True|True|False|True|True|False|False|False|True|False|False|True|
PE009IIIP11T01|APROVECHAR LA ENERGIA GENERADA POR LA VELOCIDAD DEL AGUA, PARA EL 85% DE LOS POBLADORES RURALES SIN ACCESO A LA ELECTRICIDAD.|- OBTENER INFORMACION VALIOSA PARA EL DESARROLLO DE UN NUEVO MODELO BAJO EL CONCEPTO DE TECNOLOGIA APROPIADA. |- UTILIZAR MATERIALES LOCALES ASI COMO CONOCIMIENTOS Y HABILIDADES LOCALES|2009-08-10 18:13:03.157000000||True|False|False|True|False|False||False|True|True|False|True|True|False|True|True|False|False|True|False|False|False|
PE009IIP04T00|FORTALECER LA CAPACIDAD DE LOS MUNICIPIOS Y PEQUEÑOS PRODUCTORES DE LAS LOCALIDADES DE CAJAMARCA Y SAN MARTIN.|CONSOLIDAR INSTANCIAS DE COORDINACION INTERSECTORIAL PARA LA PLANIFICACION Y GESTION DE PROYECTOS EN AGUA Y SANEAMIENTO, ENERGIA Y PREVENCION DE DESASTRES AGROINDUSTRIALES Y DESARROLLO ECONOMICO| EVALUACION  PARTICIPATIVA, CUANTITATIVA Y CUALITATIVA. EL EQUIPO EVALUADOR REVISO DIVERSOS DOCUMENTOS QUE LE FUERON FACILITADOS -PROPUESTAS  DE PROYECTOS, INFORMES ANUALES, REGISTROS FINANCIEROS Y OTROS-, HIZO VISITAS AL CAMPO, OBSERVO ALGUNOS DE LOS SISTEMAS DE AGUA Y SANEAMIENTO INSTALADOS Y ENTREVISTO A LIDERES Y LIDERESAS, AUTORIDADES LOCALES, DIRECTIVOS DE LAS JUNTAS DE AGUAS, USUARIOS Y PERSONAL TECNICO DE ITDG. SE ORGANIZARON DOS REUNIONES- UNA CON DIRECTIVOS DE LA OAAM Y EL PRESIDENTE DE LA CONAP Y OTRO CON INSTITUCIONES PUBLICAS Y PRIVADAS QUE PARTICIPAN EN LA RedSA- Y UN TALLER CON LOS MIEMBROS DE JUNTAS DE AGUA Y ORGANIZACIONES DE MUJERES Y CON PERSONAL DE LA REDSS.|1999-08-01 13:08:37||True|False|True|True|True|False||False|True|True|False|True|True|False|True|True|False|False|True|True|False|False|
PE009IIP10T00|Mejorar el acceso de la población a servicios de agua y saneamiento mediante la implementación de modelos de gestión apropiados para la operación, mantenimiento y administración de estos servicios, y la capacitación de los usuarios en temas de educación sanitaria.|||2005-01-03 17:29:59|1 año|True|False|True|False|True|False||False|True|False|False|True|False|False|True|False|False|False|True|False|False|False|
PE025IIP02T00|- Desarrollar una metodología de análisis de la gestión del agua a nivel municipal, para ser puesto a disposición como apoyo metodológico a investigaciones similares en  el futuro. | - Análiizar el sistema de gestión del agua en los distritos seleccionados de la Cuenca del Jequetepeque|Los actores en cuencas hidrográficas seleccionadas, emplean métodos innovadores para lograr un mejor uso de las potencialidades existentes para el desarrollo sostenible|2003-12-15 15:43:39||False|False|False|False|True|False||False|True|False|False|True|False|False|True|False|False|False|True|False|False|True|
PE028IIP03T01|- Cumplir con requerimientos nacionales e internacionales (Banco Mundial).   €- Proteger el uso aguas abajo|-. Controlar la erosión y sedimentos   €- Tratamiento de aguas  |Monitoreo en tiempo real utilizando  telemetría (pH, Flujos, turbidez, lluvia,  evaporación)|2006-09-13 13:06:18||False|False|False|False|True|False||False|True|False|False|True|False|False|True|False|False|False|True|False|False|False|
PE040IIIP01T01|Modificar la actual matriz energética del Perú €mediante el desarrollo de las fuentes primarias €disponibles en el país.|Promover el desarrollo de las fuentes renovables €de energía: hidroenergía, energía geotermica, €eólica, solar y biocombustibles|Se está trabajando en una Estrategia Nacional para que se desarrolle e implemente mecanismos e instrumentos de gestión ambiental específicos que permitan prever, evaluar y monitorear el €impacto de esta industria en los ecosistemas intervenidos.|2008-11-27 11:57:06||False|False|False|False|True|False||True|True|True|True|True|True|True|True|True|False|False|True|False|False|False|
PE041IIP01T01|Demostrar la aplicabilidad de las tecnologías de bajo costo para el bombeo de agua en el medio rural y promover su uso en proyectos de desarrollo.|Hacer un diagnóstico de las tecnologías apropiadas en el Perú.|Realización de seminarios.|1987-12-12 17:23:46||False|False|True|False|True|False||True|True|True|True|True|True|True|True|True|False|False|True|True|True|True|
PE205I-II-IVP01T00|Favorecer la salud y la seguridad humana a través de la implementación de una experiencia de organización sostenible de centros poblados rurales con sistemas constructivos enmarcados en el enfoque de la vivienda como parte del medio ambiente. |- Implementar una alternativa de vivienda saludable en una comunidad pobre rural, afectada por riesgos naturales y ambientales que afectan la salud.    - Desarrollar con los pobladores locales de la provincia de Morropón una propuesta de vivienda saludable que responda a las condiciones ambientales locales y les otorgue seguridad frente a peligros naturales de tipo hidrometeorológico y terremotos.  |Se considera que en la provincia de Morropón, caserío Mogote, existe una oportunidad inmejorable para desarrollar con los mismos pobladores locales una propuesta de vivienda saludable que responda a las condiciones ambientales locales y les otorgue seguridad frente a peligros naturales de tipo hidrometeorológico y terremoto|2009-08-03 15:30:42.057000000||False|False|False|False|True|False||False|True|True|False|True|True|True|True|True|False|False|True|True|True|True|
PE213I-IIP01T00|Crear un SISTEMA SENCILLO capaz de transformar el excremento en un enriquecedor de suelo inofensivo y agradable a la vista.||* Asistir el entrenamiento de los miembros de las comunidades o las organizaciones €* Compartir experiencias valiosas con quienes estén involucrados en el desarrollo comunitario €* Difundir información sobre tecnología apropiada, sabiduría tradicional y otras técnicas específicas que han sido benéficas al desarrollo autónomo de las comunidades |2002-01-11 14:21:11||True|True|True|False|False|False||False|True|True|False|True|True|True|True|True|False|False|True|True|True|True|
PE246II-IIIP02T01|Desarrollar  estrategias que permitan el fortalecimiento €de las comunidades campesinas €y amplíen las capacidades de las mujeres y €hombres que se dedican a la pequeña agricultura; €a fin de influir en la definición de políticas €públicas que transformen el sistema en beneficio €de las personas que sufren pobreza.|trabajando en el €Desarrollar procesos y tecnologías que signifiquen €para las familias campesinas una alternativa €de uso racional que ayude a la conservación €de sus recursos naturales.|Nos hemos basado en un proceso participativo de recolección de información a través de reuniones, visitas,testimonios y recomendaciones de mujeres €y varones campesinas/os.|2008-02-14 12:51:05||True|False|True|False|False|False||False|True|False|False|True|False|False|True|False|False|False|True|True|True|True|
SU002III-IVP00T00|To provide support to the countries of the region in the design and implementation of “integrated” public policies, for the sustainable development of endogenous energy resources and this included biofuels. It addressed the driving forces of biofuels in terms of demand, availability of resources and possible impacts in development of the sector in Latin America and the Caribbean.||The methodology was described as a complex one with several steps. The first step was the identification of all the stakeholders or actors since these were the persons to decide whether or not a policy would be implemented. The next major step was to identify the problem following which a matrix for strategic line identification was to be developed. Once the problem was identified, the next step was to determine the desired objective and then identify the steps that would transform the problem, defined as the negative, to the solution, defined as the positive or the positive outcome desired. This was not as simple as it sounded but required the development of a matrix, which was quite a complex process. The methodology involved the setting up of a separate matrix for each identified objective. The two factors to be considered were the internal factors and the external factors.|2007-11-05 18:16:46||False|False|False|False|True|False||True|True|True|True|True|True|True|True|True|False|False|True|True|True|True|
VE029IIP01T01|Generar cambios en el modelo centralista de organización y gestión del Estado que mantuvo Venezuela durante todo el siglo XX: históricamente, la centralización del poder ha sido una constante en el ejercicio del poder en el país. La materialización del Estado ha tenido como signo inequívoco la concentración de los recursos y las competencias en manos del gobierno central, habiendo dejado vacíos de contenido a estados y municipios.|Evaluar un determinado modo de gestión en término de escenarios y actores.Aquí los actores son entendidos como individuos o grupos sociales, políticos e institucionales que tienen una identidad, con intereses específicos y estratégicos distintos € €|Reformas de descentrilizacion en el ámbito administrativo, se formalizan las competencias  que serían ejercidas por los estados regionales o federales y los municipios|1998-02-22 13:04:56|2 años|False|False|False|False|True|False||True|True|True|True|True|True|True|True|True|False|False|False|False|False|True|
VE105I-IVP01T00|Promover en la población indígena Ye`kwana en el Estado Amazonas la auto construcción del prototipo de vivienda sana, para mejorar la calidad de vida, donde  exista orientación de los nuevos sistemas de  construcción, uso y mantenimiento de los servicios sanitarios que contribuyan a que el indígena permanezca en su ambiente, conservando y rescatando sus valores. |Construir en el transcurso de dos (2) años el prototipo de vivienda sana en la comunidad Toky-Shanamaña, en 10 de las viviendas que requieren el prototipo, mediante un proceso de auto-construcción con participación de los pobladores, y teniendo en cuenta las condiciones sanitarias del medio y la prevención y control de enfermedades endémicas.||2003-07-01 16:25:13|Julio 2003, conclusión Julio 2005|False|True|False|False|False|False||False|False|True|False|False|True|False|False|True|True|True|True|False|False|True|
VE124I-II-IIIP01T02|Atacar los problemas de degradación ambiental, el saneamiento básico doméstico, la crisis energética, económica,  alimenticia y terapéutica a través de una visión global de los problemas y una aproximación integral a las posibles soluciones.|1 Educativos €1.1  Capacitar a los indígenas (hombres, mujeres, jóvenes y niños) de las Comunidades de La Fortuna y Caño Pasa - Boca del río Sipapo-, como formadores en éstas ecotécnicas a través de la metodología participativa. €1.2  Realizar cursillos teórico-prácticos sobre la construcción de estufas y Letrinas Aboneras en sus propias comunidades. €1.3  Realizar seguimientos formativos de los cursillos a los participantes de los mismos en sus comunidades, para evaluación de los mismos y asesoramiento en la mejora de las ecotecnologías que presenten defectos.  Reunir trimestralmente a los ecotécnicos, con el fin de compartir experiencias y llevar un adiestramiento especializado. €1.4  Apoyar a los ecotécnicos formados en la difusión de las ecotecnologías. €1.5  Fomentar la educación  sanitaria de las familias. €1.6  Realizar material pedagógico, cartillas-manuales de construcción  y uso,  y videos para sensibilización y difusión  de las ecotecnologías. €1.7  Construir y consolidar las ecotecnologías en las comunidades piloto, durante las  formaciones € €2    Económicos: €2.1 Contribuir al ahorro de leña. €2.2  Fomentar la generación de empleos.  La construcción de éstas ecotecnologías es una actividad remunerada (materiales, construcción...) por lo tanto su difusión generará ingresos a los integrantes de las comunidades. €2.3  Producir abono orgánico para la recuperación  con agricultura orgánica de los suelos cercanos a las comunidades. € €3  Salud y Sanemiento Ambiental: €3.1  Mejorar el ambiente doméstico €3.2  Disminuir las enfermedades diarréicas y bronco-pulmonares en las comunidades. €3.3  Motivar la higiene alimenticia €3.4  Disminuir el desgaste forestal en áreas cercanas a las comunidades, por el consumo colectivo de leña. €3.5  Desarrollar acciones destinadas a generar autosuficiencia en las comunidades y movimientos indios, para que alcancen  una mejora del nivel sanitario. € €|-  Formación de cuadros de promotores entusiastas, que construyan  estas ecotecnologías en sus casas y después enseñen a los demás en el marco de los talleres. €-  Seguimiento y asistencia técnica a los promotores y familias que adopten las ecotecnologías €-  Evaluaciones periódicas  participativas, a los promotores, obras y familias, mediante encuestas socio-económicas y seguimiento médico. €- Toma de muestras de las LASF y de las cenizas para estudio longitudinal. €- Control semicuantitativo  para evaluación del aspecto de la LASF: en cuanto a uso y mantenimiento que recibe la letrina y control sanitario de la calidad del abono. €-  Ensayos agronómicos relacionados con el abono en cultivos mixtos de plátano, yuca, frijol, maíz y plantas medicinales. €-  Actividades de laboratorio: Estandarización de la metodología y diseño de las fichas de control tanto microbiológico como físico-químico. €-  Análisis sanitario:  Dentro de la encuesta  y estudio del efecto de la ceniza sobre la materia fecal. €-  Análisis físico-químico para definir las carácterísticas físicas y químicas del abono producido por las LASF para su mejor utilización agronómica. €-  Actividades de difusión: * Comunitarias, * Científicas, relacionadas con aspectos  ambientales, sanitarios, agronómicos y microbiológicos, para dar a conocer las ecotecnologías y los resultados parciales de sus estudios;  * Asesorías a Instituciones y  particulares. €|1996-10-07 19:12:34|4 años|True|True|False|False|False|False||False|False|True|False|False|True|False|True|True|False|True|True|False|True|True|
VE124I-II-IIIP0IT00|Generar un instrumento regional que permita identificar, inventariar, describir y analizar, desde un €enfoque tecnológico y social, los proyectos que permitieron el desarrollo y la apropiación de €diversas Tecnologías Apropiadas para la autoconstrucción y saneamiento básico alternativo en los países amazónicos que tengan impacto en salud y ambiente, de manera que las experiencias €exitosas puedan ser transferibles a los otros países parte de la  OTCA promoviendo a la vez, el diálogo €profesional-comunidad. €|* Identificar y propiciar la sistematización de las experiencias para una mejor apropiación del hábitat, €en el campo de las T.A. que describan los procesos técnico-sociales, de selección, implementación €y gestión de las T.A. con sus características, éxitos o problemas en cada uno de los países miembros €de la OTCA. €• Identificar las T.A., y apropiables en relación a materiales, componentes, procedimientos, sistemas €aplicables a la construcción y al saneamiento alternativo, que se hayan generado en cada uno de €los países amazónicos. €• Establecer las bases para la puesta en marcha de la Red de Tecnologías Apropiadas de la Amazonia €–RETAM- institucional, de investigadores y experiencias, que permitan el intercambio de €información y la cooperación técnico-científica entre los países parte del  OTCA. €• Establecer las bases de un sistema de información relativo a las Tecnologías Alternativas de la €Amazonia, en conexión con los sistemas aplicados o por aplicarse en los países miembros de la OTCA. €|El proyecto apunta a identificar y propiciar la sistematización de las experiencias €desarrolladas para una mejor apropiación del hábitat en la Amazonia de BO.BR, CO, EC, GY, PE, SU y VE en el campo de las T.A., que describan los procesos técnico-sociales, de selección, implementación €y gestión con sus características, éxitos o problemas en estos países miembros de la Organización del Tratado de Cooperación Amazónica. €Con este propósito se ha incluido todos los proyectos e instituciones, en el sentido amplio de la €palabra, que directa e indirectamente contribuyan al desarrollo y aplicación de T.A. en la Amazonia. €Se ha enfatizado los proyectos ligados al tema directamente, pero se ha considerado también los €proyectos con énfasis en la autogestión comunitaria, así como aspectos sociales de educación no formal y €salud, que van asociados a la elevación de los niveles de vida de los habitantes menos favorecidos de la €Amazonia. €Este estudio es una primera aproximación a la identificación de las T.A. y experiencias €desarrolladas en la Amazonia, así como a los profesionales, técnicos, entidades académicas, estatales, OGs y ONGs que trabajen con ellas y constituye un aporte al conocimiento y difusión de las T.A. en la Amazonia.|2007-06-15 00:07:59|2 años|True|False|False|False|False|False||True|True|True|True|True|True|True|True|True|False|False|True|True|False|False|
VE124IP02T00|- Analizar la vivienda indígena como un proceso de producción que no se limita a las consideraciones finales de este, sino que incluye los criterios, actitudes, métodos y procedimientos con que cada grupo enfrenta su medio ambiente. Evidenciando su papel como vivienda alternativa, que posibilite una mejora de las condiciones de cida de los grupos que han migrado a las ciudades aledañas a sus territorios, así como a otras zonas indígenas. €|- Estudiar la vivienda indígena  en el contexto de su situación sociocultural: sistemas de producción, mitología, ecología, etapas de estabilidad territorial, grados de desarrollo económico y condiciones geográfico-ambientales €|- Como un real aporte al conocimiento, rescate y conservación de nuestro patrimonio y de nuestras culturas, en la conmemoración del QUINTO CENTENARIO DEL ENCUENTRO ENTRE AMERICA Y EUROPA, se propone estudiar la Arquitectura de los 34 grupos indígenas que actualmente habitan en territorio venezolano; de los cuales 11 comparten territorios con Colombia y 3 con Brasil. Señalando sus características fundamentales, para establecer los patrones normativos que particularizaron el proceso de producción de la vivienda en nuestra región, desde épocas prehispánicas hasta el presente.|1992-10-04 19:25:59|3 años|True|False|False|False|False|False||False|True|True|False|True|True|False|True|True|False|False|True|True|False|False|
VE125IP01T00|El proyecto "SARAO" es la repuesta de un conjunto de profesionales ante la invitación  a participar en Concurso de Vivienda para los contextos urbano y rural del Estado Bolívar  promovida por el Instituto de la Vivienda del Estado Bolívar ( INVIBOLÍVAR) en el año 1996. Dicho "Concurso", si bien no tuvo el desenlace esperado, permitió conocer un conjunto de reflexiones y posibilidades sobre el uso de Tecnologías Apropiadas y Apropiables en la Región Guayana. €|"En vez de inventar todas la tecnologías pertinentes a "El  SARAO", se integran tecnologías existentes. Sólo cuando haya un vacío parcial, se hará un aporte específico de invención tecnológica. El SARAO es innovación tecnológica en su integralidad: no tanto por los inventos específicos que se aportan, sino mas bien por la combinación inédita que se hacen de las mejores tecnologías disponibles  en Venezuela."   € €|Los autores del proyecto "EL SARAO" lo explican como una "idea  para la acción"(...) " Busca convertirse en experiencia, y responde a la búsqueda de una síntesis alternativa de objetivos e intereses en general, en conflicto entre sí. € € Considera los aspectos sociales,económicos, financiero-administrativo, sicológicos; políticos, arquitectónicos  e ingenieriles como de importancia equivalente. € € Es una solución integradora (influyente) e integral (sistémica), con una fuerte inter-depedencia entre lo físico (arquitectónico-ingenieril-centro poblado-medios de producción)  y lo social-institucional ( familia, vecindad, comunidad, aldea auto-organizada). (...) €|1998-05-04 19:32:42|3 años|True|False|False|False|True|False||False|True|True|False|True|True|True|True|True|False|False|True|True|False|True|
VE127I-IIP01T00|* Mejorar y mantener infraestructuras físicas de los barrios y comunidades Indígenas, mediante la realización de obras civiles menores y saneamiento ambiental.|1. Generar empleos temporales en familias de escasos recursos. €2. Concientizar e identificar a la comunidad con su medio ambiente a través de talleres. € €|Etapa de apoyo técnico: €- Registro de mano de obra a ser incorporada. €- Elaboración de instrumento para recabar información social. €- Diseño de talleres de inducción. €- Formulación de Proyectos. €- Elaboración de instrumentos para recabar información física. € €Etapa de Formación y capacitación: €- Talleres dictados a organizaciones comunitarias y barrios, miembros de las comunidades y promotores sociales. € €Etapa de Seguimiento y Evaluación: €- Revisión y seguimiento del pago a los trabajadores. €- Evaluación del taller. €- Puesta en práctica de los conocimientos adquiridos. €- Inspección de la ejecución y calidad de las obras. € €Otras: €- Contratación de mano de obra desocupada. €- Reforzar y motivar los talleres. €- Ejecución de obras que respondan a las necesidades de los barrios y comunidades indígenas.|1998-02-04 20:32:53|2 años|False|False|False|False|True|False||True|True|True|True|True|True|True|False|True|False|False|True|False|False|False|
VE127IIP02T00|Con este Proyecto se pretende erradicar fuentes de contaminación ambiental y sanitarias que afectan al caño: Carinaguita, en su curso por los barrios: Los Acacios, El Caicet, Carinaguita y José Antonio Páez, eliminando la proliferación de alimañas, plagas y mosquitos transmisores de enfermedades infecto-contagiosas, así como también las descargas ilegales de aguas negras, dotando de esta manera a los barrios en cuestión, de una zona de recreación y esparcimiento acorde con el ordenamiento territorial de la identidad Amazónica.|1. Promover una campaña de concientización vecinal generando la necesidad prioritaria para la buena observancia de la salud pública, la recuperación y mantenimiento del caño. € €2. Erradicar definitivamente las descargas ilegales de aguas negras, botes de basura y escombros en el caño. € €3. Emplear mano de obra desocupada de los cuatro barrios, generando así una fuente de empleo eventual. € €4. Realizar la limpieza, desmalezamiento y bote de basura y escombros. € €5. Efectuar la construcción de una estructura de contención en las orillas del caño, así como también la de áreas recreativas.|Apoyo técnico mediante convenios interinstitucionales; formación y capacitación de Promotores en Saneamiento Ambiental y Sanitario; Seguimiento y evalución por parte de las instituciones involucradas y las Asociaciones civiles; charlas, reuniones y comunicaciones radiales de motivación; identificación con los barrios de los espacios propicios para la recreación y esparcimiento.|1997-07-04 20:25:00|2 años|False|False|False|False|True|False||True|True|True|True|True|True|True|True|True|False|False|True|False|False|False|
VE127IIP03T00|Establecer un índice mínimo de incidencias por enfermedades hídricas en el sector cercano a la capital, donde predominan etnias de ascendencia nómada, garantizándoles un abastecimiento aceptable de agua potable. Por esta vía el asentamiento seguro permitirá la aplicación de programas de estabilización social y producción, que permita elevar el nivel de vida en esta población donde prevalece actualmente el más alto índice de pobreza extrema.|1. Promover una campaña de concientización para el uso adecuado del recurso hídrico. € €2. Constituir fuentes de trabajo aún cuando sea temporalmente con adiestramiento a las comunidades beneficiadas. € €3. Bajar a niveles inexistentes los indicadores referenciales en salud. € €4. Elevar el nivel de vida. € €|Todo por la vía de convenios de cooperación con instituciones como: Acueductos Rurales, Malariología, C.V.G., I.A.N., I.C.A.P., FUNDACOMUN, etc.|1999-10-04 20:38:17|2 años|False|False|False|False|True|False||True|True|True|True|True|True|True|True|True|False|False|True|False|False|False|
VE128IP01T01|Construcción de un sitio de encuentro para las expresiones del sincretismo cultural cristiano Pemón.|La existencia de una edificación que propicie el encuentro comunitario desde una perspectiva religiosa, utilizando una tecnología constructiva, en base al uso de la piedra existente en la región.||1999-06-14 20:45:39|6 meses|True|False|True|False|False|False||False|True|True|False|True|True|False|True|True|False|False|True|False|False|True|
VE130I-IIP01T00|Utilización de materiales locales como piedra, madera y arcilla en sus proyectos y edificaciones. € € |* Experimentación de tipologías de viviendas, inspiradas en las raíces indígenas originarias del lugar (la comunidad indígena Pemón), así como en la construcción €* Experimentación  de soluciones sanitarias para viviendas y asentamientos rurales con el uso de biodigestores. € € €|La Oficina de Desarrollo Urbano e IMVITUR dependientes de la Alcaldía del Municipio Gran Sabana viene desarrollando una progresiva toma de conciencia sobre la pertinencia del uso de materiales locales.|1999-11-10 21:00:15|3 años|False|False|False|False|True|False||False|True|True|False|True|True|False|True|True|False|False|True|False|False|False|
VE132IP01T00|Coordinar proyectos de investigación y desarrollo en Tecnologías de la Madera desde la perspectiva de integración entre el ente universitario (UNEG) y la comunidad regional y local.|Promoción  de nuevas tecnologías de la madera para ser usadas en planes masivos de vivienda. ||2000-08-21 21:17:25|3 años|True|False|False|False|False|False||True|True|True|True|True|True|True|True|True|False|False|True|True|True|False|
VE133IP01T00| Implementar a través de tres procesos de gestión, y desde la perspectiva  particular de la Alcaldía del Municipio Caroní,  el concepto de "Tecnología Socialmente Apropiada y  Apropiable".  |- Propiciar  nuevas formas transparentes y solidarias   de gerenciar y de financiarse a  través de créditos relativamente pequeños, de acceso rápìdo y a corto plazo   (Credicaroní);  €- Observar el  paso cualitativo de los simples  procesos de autoconstrucción  a una visión mas profunda e integral de procesos autogestionarios.  €|-  Actualización permanente de la información relativa a las aptitudes y actitudes de las comunidades organizadas;  €- Estímulo a la capacidad  económica  de los usuarios y potenciales nuevos  emprendedores de proyectos; €- Utilización de los recursos disponibles  en la región (materiales, maquinarias, equipos y herramientas).   |2001-08-22 21:26:23|3 años|True|True|False|False|False|False||True|True|True|True|True|True|True|True|True|False|False|True|False|True|True|
VE136IP01T00|||Desde la perspectiva  de una "historia por escribir" sobre los antecedentes  de las Tecnologías Apropiadas y  Apropiables  en  la Región  Guayana, y en específico de Ciudad Guayana ,  la experiencia de FUNVICA constituye una referencia importante en  el análisis  de las "Políticas" urbanísticas y de vivienda a seguir.  El mismo H. Espinoza explica la trayectoria de FUNVICA en los siguientes términos: "FUNVICA fue creada hace treinta años por el Concejo  Municipal, FUNDACOMUN y el Banco Obrero. Fue el brazo ejecutor de las políticas de ocupación pacífica y ordenación de tierras que la CVG creó para Ciudad Guayana (...). Se crearon infinidad de Barrios que hoy en día está consolidados bajo el  esquema de un  programa que se llamó Mejoramiento Urbano Progresivo. Simplemente se trazaban las calles, se definían las parcelas, se colocaban los pisatarios, se les decían donde se debían colocar para que ellos posteriormente pudieran construir sus propias viviendas y se le dotaron de los servicios elementales primarios.  (...)  El problema de la ciudad es de ocupación de tierras, es decir ocupación de espacios con  servicios. A mi juicio la solución no es construir viviendas, esa no es exactamente la solución, la solución es crear espacios urbanos con servicios, que se permita a la gente colocarse, porque la gente mal que bien es el propio arquitecto de su vivienda, la gente soluciona su problema de techo, a la gente lo que le cuesta solucionar son los problemas de servicios..."(Intervención  de Hernán Espinoza el  20 de Agosto de 1987 en el  Primer Ciclo de Consultas del PVG-2001).|2000-06-12 21:39:27|2 años|False|False|False|False|True|False||True|True|True|True|True|True|True|True|True|False|False|True|False|False|False|
VE137IP01T00|Diseño y construcción de viviendas utilizando tecnologías derivadas de la tierra cruda.||La Arq. Rosa Maldonado viene trabajando en actividades didácticas, de asistencia técnica. En el lapso 1997-98 concluyó conjuntamente con la Alcaldía del Municipio Caroní , el  INCE-Bolívar y las comunidades  rurales de Caroní una experiencia piloto,  con buena aceptación  por parte de la localidad.|2004-09-04 21:47:32||False|True|False|False|True|False||False|True|True|False|True|True|False|True|True|False|False|True|True|True|True|
VE138IVP01T00|Aplicar conocimientos provenientes de diferentes disciplinas  dentro de una visión "andragógica" de los procesos educativos, basada en un conjunto de conocimientos  universales, elementales, lógicos y populares.  A partir de procesos constructivos y sanitarios vitales se "va armando un rompecabezas" de datos que progresivamente se transforman en una visión de conjunto sobre la realidad vivida y sus posibilidades de transformarla en procura de una mejor calidad de vida.|| |2003-02-04 21:55:27||False|True|True|False|False|False||True|True|True|True|True|True|True|True|True|True|True|True|True|True|True|
VE140IP01T00|Aplicación de Tecnologías Socialmente Apropiadas y Apropiables en la Región Guayana mediante la  experiencia  del   Proyecto  Comunidad   Autogestionaria   Nuevo Horizonte. €||Luego de un proceso de típica invasión  de terrenos,  una comunidad organizada establece contacto la ONG "Escuela Taller Angostura", simultáneamente ocurren cambios coyunturales en  el cuadro directivo del poder local, propiciándose una posibilidad de dialogo entre las partes involucradas que concluye el 4 y 5 de Marzo de 1994  con la incorporación de la Universidad Central de Venezuela a través del Taller  Escuela Popular de Arquitectura ("Taller EPA")  coordinado por el Arq. José Matamoros.  € €A partir de esta fecha se inicia un proceso de diseño e investigación participativa  simultáneamente a la elaboración de un Convenio Específico de Cooperación entre la Universidad Central de Venezuela, La Alcaldía del Municipio Heres del Estado Bolívar y la Fundación Escuela  Taller Angostura, con el objeto de diseñar y poner en practica  una Política de Vivienda para las familias de los sectores populares del Municipio Heres.  En la ejecución de esta Política se iniciaron entre los años 1994-95-96 los trabajos de diseño y construcción del Centro de Producción Comunitaria (construido en base la madera "costanera" producto de los cortes industriales del Pino Caribe , madera  en uso estructural , muros tapiales, y adobes de tierra-cemento ), simultáneamente a estas acciones, se reestructuró la "Bloquera Municipal", transformándola en el Centro de Apoyo Inter-comunitario a la Vivienda   ("CAIV") , el cual estaba concebido dentro de la visión prospectiva de estimular la producción o adaptación de tecnologías  por parte de las comunidades  como lo prioritario ante la tradicional función  de producir o almacenar simples insumos para la construcción. € €Dentro de las relaciones del Convenio de Cooperación con  la Universidad Central de Venezuela  a través del Taller EPA se diseñaron  diversos sistemas constructivos basados en tecnologías del acero, tecnologías  tipo pórtico  de concreto armado, tecnología de la madera , así como  múltiples expresiones del "sincretismo tecnológico"  de carácter  popular.  € €Los  cambios político-administrativos ocurridos a partir del proceso electoral  para Gobernador de Estado y Alcalde iniciados en 1996,  propiciaron un congelamiento de la inversión asignada al proyecto, lo cual ha ocasionado un descontento y frustración en el seno de la comunidad.  Sin embargo, en la actualidad  un sector de la comunidad conjuntamente con el Taller Epa-FAU-UCV insisten  en la lucha por descongelar la inversión asignada  e iniciar los procesos constructivos de las viviendas. €|2004-05-04 22:07:28||False|False|False|False|True|False||True|True|False|False|True|False|True|True|True|False|False|True|True|False|False|
VE144IP01T01|Construcción de un sitio de encuentro solidario para el esparcimiento y la recreación así como para la recepción de información y educación audiovisual.|La existencia de una edificación construída con técnicas y materiales tradicionales del lugar, que tenga como resultado una integración constructiva espacial con el entorno, desde el punto de vista simbólico y comunicacional, vinculando ancestrales formas interpersonales de comunicación con los modernos instrumentos de la tecnología comunicacional contemporánea.|Organización del trabajo y realización de las distintas etapas del proceso constructivo, asumidas todas en equipo.|2000-10-04 22:22:28||False|True|False|False|False|False||False|False|True|False|False|True|False|False|True|True|False|True|False|False|True|
VE168IIP01T01|Establecer un  sistema adecuado para la disposición de las excretas en zona rural y urbana €marginal, cuyas condiciones socioeconómicas no permitan una solución con arrastre €hidráulico.|Establecer pautas para la construcción de letrinas de hoyo seco||2003-11-22 19:04:12||True|False|False|False|False|False||True|True|True|True|True|True|True|True|True|False|False|True|True|True|False|
VE169I-IIP01T01|La finalidad del almacenamiento es asegurar la €disponibilidad constante de agua segura en situaciones €normales y de emergencia|Evaluar y estimar los riesgos sanitarios del almacenamiento de agua|Recolección de  los siguientes datos: €*tipo y volumen de las instalaciones de almacenamiento €* resultados de la última inspección €* normas usadas para la construcción de tanques €* presiones máximas y mínimas en los sitios altos y bajos del sistema €*número de zonas de presión en el sistema €*presiones máximas y mínimas en cada zona de presión €*documentación de la aprobación estatal para los cambios o instalación de tanques €*existencia de un modelo hidráulico del sistema €* tipo de prueba para el cloro residual.|2006-05-22 14:33:35||True|False|False|False|True|False||True|True|True|True|True|True|True|True|True|False|False|True|False|True|True|
